date_created,date_modified,ip_address,Ձեր սեռը,Ձեր տարիքը,Ձեր հասակը (սմ),Ձեր քաշը,Ձեր կոշիկի չափսը,Ձեր տաբատի չափսը,Ձեր վերնազգեստի (майка) չափսը
,,,Response,Open-Ended Response,Open-Ended Response,Open-Ended Response,Open-Ended Response,Response,Response
2/8/2022 10:30,2/8/2022 10:33,91.196.36.8,Իգական,16,165,55,38,M (38-39),M
2/8/2022 8:29,2/8/2022 8:30,217.76.10.130,Իգական,16,154,42,35,XS (34-35),XS
2/8/2022 1:30,2/8/2022 1:31,87.241.184.71,Իգական,17,167,56,38,M (38-39),M
2/8/2022 0:08,2/8/2022 0:09,185.215.55.203,Իգական,18,165,70,40,L (40-41),M
2/7/2022 22:37,2/7/2022 22:38,83.139.25.53,Արական,16,183,72,46,XL (42-43),XL
2/7/2022 22:22,2/7/2022 22:23,185.8.1.5,Իգական,17,173,72,41,XL (42-43),XL
2/7/2022 22:18,2/7/2022 22:18,5.77.253.189,Արական,26,154,55,42,S (36-37),M
2/7/2022 22:15,2/7/2022 22:18,178.160.251.99,Արական,19,183,64,44,,S
2/7/2022 22:04,2/7/2022 22:05,37.252.94.109,Իգական,16,150,42,36,S (36-37),S
2/7/2022 21:55,2/7/2022 21:56,46.71.251.210,Իգական,15,150,42,36,S (36-37),M
2/7/2022 21:53,2/7/2022 21:54,37.252.92.80,Արական,22,165,73,40,S (36-37),S
2/7/2022 21:48,2/7/2022 21:49,46.70.99.235,Իգական,16,160,50,36,S (36-37),S
2/7/2022 21:44,2/7/2022 21:45,37.252.92.194,Իգական,18,154,56,36,XS (34-35),S
2/7/2022 21:43,2/7/2022 21:44,45.153.213.97,Իգական,16,158,57,38,M (38-39),M
2/7/2022 21:42,2/7/2022 21:43,87.241.189.9,Արական,19,169,56,40,S (36-37),S
2/7/2022 21:24,2/7/2022 21:26,46.71.63.127,Արական,16,170,60,40,S (36-37),M
2/7/2022 21:25,2/7/2022 21:25,87.241.129.18,Իգական,18,160,50,36,S (36-37),S
2/7/2022 21:13,2/7/2022 21:15,46.71.197.98,Իգական,17,165,62,39,L (40-41),M
2/7/2022 21:12,2/7/2022 21:13,46.71.17.56,Իգական,18,160,45,37,XS (34-35),S
2/7/2022 21:05,2/7/2022 21:05,37.252.95.166,Արական,20,182,60,42,M (38-39),M
2/7/2022 21:04,2/7/2022 21:04,46.70.197.0,Իգական,17,165,59,38,M (38-39),S
2/7/2022 20:38,2/7/2022 20:39,217.76.12.67,Արական,19,170,78,43,M (38-39),L
2/7/2022 20:30,2/7/2022 20:31,91.205.197.102,Իգական,17,165,63,39,M (38-39),M
2/7/2022 20:22,2/7/2022 20:23,46.70.6.171,Արական,15,172,53,42,M (38-39),M
2/7/2022 20:22,2/7/2022 20:23,46.70.58.84,Իգական,16,159,46,37,S (36-37),S
2/7/2022 20:20,2/7/2022 20:21,141.136.79.102,Արական,16,188,95,41,XL (42-43),XL
2/7/2022 20:18,2/7/2022 20:19,46.71.19.144,Իգական,17,175,53,40,M (38-39),S
2/7/2022 20:18,2/7/2022 20:18,46.71.12.21,Իգական,16,165,47,37,S (36-37),S
2/7/2022 20:12,2/7/2022 20:12,37.186.111.109,Իգական,17,168,49,40,XS (34-35),XS
2/7/2022 20:07,2/7/2022 20:09,37.252.95.140,Իգական,15,160,45,38,S (36-37),M
2/7/2022 20:07,2/7/2022 20:08,83.139.27.246,Իգական,19,169,64,38,XL (42-43),S
2/7/2022 20:07,2/7/2022 20:08,87.241.184.137,Իգական,18,156,49,37,S (36-37),S
2/7/2022 20:05,2/7/2022 20:06,217.113.25.4,Արական,16,175,70,41,L (40-41),XL
2/7/2022 20:04,2/7/2022 20:05,176.59.43.92,Իգական,17,165,60,38,S (36-37),M
2/7/2022 19:59,2/7/2022 20:00,46.71.235.177,Իգական,15,165,54,38,,
2/7/2022 19:59,2/7/2022 20:00,37.252.88.3,Իգական,16,161,49,37,M (38-39),S
2/7/2022 19:58,2/7/2022 19:59,46.70.184.0,Իգական,16,167,55,38,S (36-37),S
2/7/2022 19:54,2/7/2022 19:55,5.77.253.192,Իգական,17,157,57,37,M (38-39),M
2/7/2022 19:48,2/7/2022 19:49,37.186.86.164,Իգական,20,168,52,38,S (36-37),S
2/7/2022 19:43,2/7/2022 19:43,46.70.133.33,Իգական,16,160,57,37,M (38-39),M
2/7/2022 19:42,2/7/2022 19:43,37.252.80.156,Իգական,16,160,45,39,S (36-37),S
2/7/2022 19:42,2/7/2022 19:43,46.162.197.35,Իգական,15,165,51,37,S (36-37),S
2/7/2022 19:42,2/7/2022 19:42,178.160.251.99,Իգական,16,170,55,38,S (36-37),S
2/7/2022 19:41,2/7/2022 19:42,46.71.187.225,Իգական,17,167,58,38,M (38-39),M
2/7/2022 19:40,2/7/2022 19:41,46.71.46.137,Իգական,20,165,47,37,S (36-37),S
2/7/2022 19:39,2/7/2022 19:40,46.162.250.62,Իգական,19,170,53,39,S (36-37),S
2/7/2022 19:36,2/7/2022 19:37,141.136.89.23,Իգական,19,163,50,37,S (36-37),L
2/7/2022 19:36,2/7/2022 19:36,37.252.93.217,Իգական,17,167,67,38,L (40-41),M
2/7/2022 19:35,2/7/2022 19:36,195.250.68.210,Արական,19,167,56,41,M (38-39),M
2/7/2022 19:35,2/7/2022 19:36,206.62.208.66,Արական,20,180,63,43,M (38-39),M
2/7/2022 19:33,2/7/2022 19:35,141.136.89.23,Իգական,18,155,48,36,XS (34-35),S
2/7/2022 19:35,2/7/2022 19:35,185.215.53.131,Իգական,17,160,50,37,S (36-37),M
2/7/2022 19:34,2/7/2022 19:34,178.160.251.102,Արական,16,187,63,44,XL (42-43),XL
2/7/2022 19:32,2/7/2022 19:34,87.241.185.130,Իգական,15,152,50,36,S (36-37),S
2/7/2022 19:32,2/7/2022 19:34,217.113.25.4,Իգական,17,163,58,39,,S
2/7/2022 19:32,2/7/2022 19:33,46.71.14.97,Իգական,16,153,47,37,S (36-37),S
2/7/2022 19:29,2/7/2022 19:32,217.113.25.4,Իգական,17,160,53,38,XS (34-35),L
2/7/2022 19:31,2/7/2022 19:32,217.113.25.4,Իգական,18,163,58,38,M (38-39),S
2/7/2022 19:29,2/7/2022 19:30,46.70.219.53,Իգական,15,172,45,39,S (36-37),S
2/7/2022 19:29,2/7/2022 19:30,37.252.95.78,Իգական,19,155,54,35,XS (34-35),M
2/7/2022 19:28,2/7/2022 19:29,46.130.14.99,Իգական,14,170,68,40,M (38-39),M
2/7/2022 19:27,2/7/2022 19:27,37.186.76.115,Իգական,17,168,67,37,M (38-39),M
2/7/2022 19:27,2/7/2022 19:27,45.159.74.129,Իգական,17,170,49,37,XS (34-35),S
2/7/2022 19:26,2/7/2022 19:27,37.252.81.214,Իգական,18,,60,38,,M
2/7/2022 19:25,2/7/2022 19:26,46.162.197.35,Իգական,15,165,47,37,L (40-41),M
2/7/2022 19:25,2/7/2022 19:26,217.113.25.4,Իգական,17,160,50,37,S (36-37),M
2/7/2022 19:24,2/7/2022 19:25,46.70.243.91,Արական,18,180,86,42,XS (34-35),XL
2/7/2022 19:24,2/7/2022 19:25,141.136.77.234,Արական,16,180,53,42,S (36-37),M
2/7/2022 19:23,2/7/2022 19:24,37.252.95.83,Իգական,16,150,51,37,S (36-37),M
2/7/2022 19:23,2/7/2022 19:24,37.252.88.136,Իգական,18,160,70,37,L (40-41),L
2/7/2022 19:23,2/7/2022 19:24,37.252.82.242,Իգական,15,169,57,39,M (38-39),S
2/7/2022 19:22,2/7/2022 19:23,46.70.226.17,Իգական,16,157,69,36,XL (42-43),L
2/7/2022 19:22,2/7/2022 19:23,37.252.94.85,Իգական,19,167,44,37,S (36-37),M
2/7/2022 19:22,2/7/2022 19:23,172.58.19.165,Իգական,18,160,58,36,S (36-37),XS
2/7/2022 19:22,2/7/2022 19:23,37.186.79.235,Իգական,16,158,57,39,M (38-39),M
2/7/2022 19:21,2/7/2022 19:22,46.70.141.147,Իգական,17,149,64,38,L (40-41),M
2/7/2022 19:22,2/7/2022 19:22,37.252.81.180,Իգական,17,173,56,38,S (36-37),S
2/7/2022 19:21,2/7/2022 19:22,46.162.252.117,Իգական,17,160,60,38,M (38-39),
2/7/2022 19:20,2/7/2022 19:22,87.241.184.244,Իգական,21,165,47,37,L (40-41),XS
2/7/2022 19:21,2/7/2022 19:22,37.186.98.139,Իգական,16,164,59,37,M (38-39),M
2/7/2022 19:20,2/7/2022 19:21,5.77.141.191,Իգական,15,163,51,40,M (38-39),M
2/7/2022 19:21,2/7/2022 19:21,206.62.222.169,Իգական,18,155,70,37,L (40-41),M
2/7/2022 19:20,2/7/2022 19:21,37.252.91.138,Իգական,16,157,57,36,S (36-37),S
2/7/2022 19:20,2/7/2022 19:21,217.113.25.4,Արական,16,178,66.6,43,S (36-37),M
2/7/2022 19:20,2/7/2022 19:21,31.47.192.239,Իգական,16,160,48,36,S (36-37),S
2/7/2022 19:19,2/7/2022 19:20,212.73.83.163,Իգական,20,164,41,37,S (36-37),
2/7/2022 19:19,2/7/2022 19:20,5.77.253.14,Իգական,17,153,46,36,S (36-37),XS
2/7/2022 19:19,2/7/2022 19:20,141.136.79.129,Իգական,15,158,49,37,M (38-39),M
2/7/2022 19:19,2/7/2022 19:20,46.71.185.25,Իգական,14,149,50,35,S (36-37),S
2/7/2022 19:19,2/7/2022 19:19,37.252.89.142,Իգական,15,178,78,40,L (40-41),M
2/7/2022 19:18,2/7/2022 19:19,206.62.195.180,Իգական,19,168,55,41,M (38-39),L
2/7/2022 19:18,2/7/2022 19:19,37.252.89.222,Իգական,17,165,47,37,S (36-37),S
2/7/2022 19:18,2/7/2022 19:18,46.70.131.56,Իգական,21,160,42,36,XS (34-35),XS
2/7/2022 19:17,2/7/2022 19:17,217.113.25.4,Իգական,16,162,43,37,XS (34-35),XS
2/7/2022 19:16,2/7/2022 19:16,5.77.146.135,Իգական,17,156,49,36,S (36-37),S
2/7/2022 19:15,2/7/2022 19:16,46.162.197.35,Իգական,16,164,48,37,S (36-37),XS
2/7/2022 13:16,2/7/2022 13:27,176.59.8.79,Արական,45,169,66,41,S (36-37),S
2/6/2022 18:05,2/6/2022 18:05,83.139.28.35,Արական,20,182,64,42,M (38-39),S
2/6/2022 9:55,2/6/2022 9:56,46.70.241.224,Իգական,35,173,79,38,XL (42-43),L
2/6/2022 4:22,2/6/2022 4:22,185.177.104.98,Իգական,35,161,60,37,L (40-41),M
2/5/2022 17:46,2/5/2022 17:47,217.76.12.38,Իգական,17,161,46,35,XS (34-35),XS
2/2/2022 22:09,2/2/2022 22:09,87.241.189.64,Իգական,22,168,49,38,S (36-37),S
2/1/2022 19:37,2/1/2022 19:38,158.181.168.212,Իգական,36,169,54,,S (36-37),S
2/1/2022 13:30,2/1/2022 13:32,46.130.21.64,Արական,23,175,75,40,S (36-37),S
2/1/2022 3:25,2/1/2022 3:26,80.214.216.254,Արական,42,183,94,43,XL (42-43),XL
1/31/2022 22:38,1/31/2022 22:39,5.77.175.15,Իգական,30,167,75,38,L (40-41),M
1/31/2022 13:49,1/31/2022 13:49,46.71.252.53,Իգական,17,160,50,36,M (38-39),S
1/31/2022 11:18,1/31/2022 11:19,212.73.87.142,Արական,29,171,73,43,M (38-39),M
1/31/2022 11:02,1/31/2022 11:03,141.136.76.122,Արական,31,176,76,42,M (38-39),M
1/31/2022 9:10,1/31/2022 9:11,87.241.184.138,Արական,22,175,79,42,XS (34-35),L
1/31/2022 0:25,1/31/2022 0:26,217.76.15.228,Արական,22,180,70,42,M (38-39),M
1/30/2022 20:59,1/30/2022 21:00,195.250.76.22,Իգական,24,156,56,37,M (38-39),XS
1/30/2022 20:20,1/30/2022 20:21,93.185.38.153,Արական,31,170,83,43,M (38-39),M
1/30/2022 17:58,1/30/2022 17:59,109.75.45.87,Արական,27,183,73,43,L (40-41),L
1/30/2022 16:33,1/30/2022 16:34,37.252.95.87,Արական,28,177,82,41,L (40-41),M
1/30/2022 16:23,1/30/2022 16:24,141.136.88.148,Արական,19,175,57,41,M (38-39),M
1/30/2022 15:54,1/30/2022 15:54,141.136.93.134,Իգական,23,165,61,38,S (36-37),S
1/30/2022 15:37,1/30/2022 15:38,46.130.170.205,Իգական,26,166,54,38,M (38-39),M
1/30/2022 15:33,1/30/2022 15:33,91.196.38.6,Իգական,21,165,49,38,XS (34-35),XS
1/30/2022 15:15,1/30/2022 15:15,185.223.127.140,Արական,50,170,90,40,L (40-41),L
1/30/2022 14:54,1/30/2022 14:56,188.115.243.47,Արական,40,176,78,43,XS (34-35),M
1/30/2022 14:47,1/30/2022 14:48,78.109.72.209,Արական,27,180,70,44,S (36-37),S
1/30/2022 14:36,1/30/2022 14:37,91.231.203.20,Իգական,24,168,56,38,M (38-39),M
1/30/2022 14:35,1/30/2022 14:36,84.127.28.47,Իգական,42,168,80,39,L (40-41),M
1/30/2022 13:58,1/30/2022 13:59,141.136.91.188,Իգական,26,172,49,,XS (34-35),XS
1/30/2022 13:37,1/30/2022 13:38,46.70.10.48,Իգական,20,167,57,37,M (38-39),M
1/30/2022 13:13,1/30/2022 13:14,46.71.27.117,Իգական,29,164,52,37,S (36-37),S
1/30/2022 13:07,1/30/2022 13:08,46.36.112.80,Իգական,21,168,48,39,M (38-39),M
1/30/2022 13:04,1/30/2022 13:04,5.63.161.211,Իգական,24,163,50,37,S (36-37),S
1/30/2022 12:39,1/30/2022 12:40,37.186.119.140,Արական,26,179,86,43,S (36-37),L
1/25/2022 21:48,1/25/2022 21:49,45.153.212.166,Իգական,20,162,59,37,M (38-39),M
1/22/2022 23:45,1/22/2022 23:45,5.134.86.178,Իգական,18,160,52,39,S (36-37),S
1/22/2022 19:41,1/22/2022 19:41,87.241.185.50,Արական,18,174,86,42,M (38-39),L
1/22/2022 12:28,1/22/2022 12:29,46.70.32.95,Իգական,19,160,51,37,M (38-39),S
1/22/2022 9:56,1/22/2022 9:57,217.76.15.196,Արական,18,172,64,41,L (40-41),S
1/22/2022 4:52,1/22/2022 4:53,141.136.88.98,Արական,25,192,100,43,XL (42-43),XXL
1/22/2022 1:00,1/22/2022 1:00,46.36.115.39,Իգական,15,163,65,38,L (40-41),M
1/21/2022 23:04,1/21/2022 23:05,46.70.72.101,Իգական,17,165,45,36,S (36-37),M
1/21/2022 22:34,1/21/2022 22:35,37.252.88.185,Իգական,18,153,53,36,M (38-39),M
1/21/2022 21:10,1/21/2022 21:11,141.136.88.12,Իգական,18,162,60,38,L (40-41),M
1/21/2022 20:55,1/21/2022 20:56,217.76.15.130,Իգական,18,167,49,37,S (36-37),XS
1/21/2022 20:40,1/21/2022 20:42,141.136.89.167,Իգական,18,160,55,38,S (36-37),M
1/21/2022 20:35,1/21/2022 20:36,217.76.12.213,Արական,23,175,62,41,M (38-39),S
1/21/2022 20:09,1/21/2022 20:10,141.136.80.243,Արական,17,193,83,45,M (38-39),M
1/21/2022 19:53,1/21/2022 19:54,37.252.94.154,Իգական,18,155,55,36,M (38-39),M
1/21/2022 19:07,1/21/2022 19:08,78.109.78.18,Իգական,18,183,85,42,XL (42-43),XXL
1/21/2022 18:46,1/21/2022 18:47,37.252.83.137,Արական,18,181,76,43,M (38-39),M
1/21/2022 18:22,1/21/2022 18:23,91.103.251.56,Արական,18,170,59,41,M (38-39),M
1/21/2022 18:14,1/21/2022 18:15,185.57.71.245,Իգական,19,158,54,38,S (36-37),S
1/21/2022 17:57,1/21/2022 17:58,178.160.245.90,Արական,20,175,70,41,S (36-37),M
1/21/2022 17:32,1/21/2022 17:33,91.204.188.13,Իգական,18,165,51,38,S (36-37),M
1/21/2022 17:14,1/21/2022 17:15,37.252.90.106,Արական,20,180,60,43,M (38-39),S
1/21/2022 17:13,1/21/2022 17:14,217.76.12.93,Արական,21,165,59,39,S (36-37),S
1/21/2022 17:11,1/21/2022 17:13,217.76.12.40,Իգական,18,160,67.4,37,M (38-39),L
1/21/2022 17:11,1/21/2022 17:11,91.204.188.123,Իգական,18,163,53,37,XS (34-35),S
1/21/2022 17:10,1/21/2022 17:10,5.77.254.89,Իգական,19,165,65,37,S (36-37),S
1/21/2022 17:02,1/21/2022 17:04,37.186.83.95,Իգական,19,155,49,38,S (36-37),S
1/21/2022 16:28,1/21/2022 16:29,31.7.162.99,Իգական,18,160,48,37,S (36-37),S
1/21/2022 16:21,1/21/2022 16:21,141.136.81.169,Իգական,18,160,50,37,XS (34-35),XS
1/21/2022 16:03,1/21/2022 16:04,46.70.232.247,Իգական,18,160,50,36,S (36-37),S
1/21/2022 16:01,1/21/2022 16:03,217.76.15.3,Իգական,18,166,51,37,S (36-37),S
1/21/2022 15:59,1/21/2022 15:59,87.241.189.101,Արական,19,185,90,42,M (38-39),XXL
1/21/2022 15:49,1/21/2022 15:50,178.160.241.68,Իգական,18,160,56,38,L (40-41),L
1/21/2022 15:48,1/21/2022 15:48,37.252.91.139,Իգական,18,163,,38,L (40-41),L
1/21/2022 15:42,1/21/2022 15:43,83.139.26.76,Իգական,20,178,46,36,S (36-37),S
1/21/2022 15:32,1/21/2022 15:33,95.140.197.172,Իգական,19,153,43,36,XS (34-35),S
1/21/2022 15:29,1/21/2022 15:31,154.134.228.105,Իգական,21,165,56,38,S (36-37),S
1/21/2022 15:29,1/21/2022 15:30,5.77.254.89,Արական,20,174,75,42,L (40-41),M
1/21/2022 15:13,1/21/2022 15:15,83.139.24.166,Արական,19,174,72,42,M (38-39),L
1/21/2022 15:09,1/21/2022 15:10,87.241.188.198,Իգական,18,164,46,38,XS (34-35),XS
1/21/2022 15:02,1/21/2022 15:08,5.63.164.170,Իգական,19,155,55,37,M (38-39),M
1/21/2022 15:04,1/21/2022 15:04,45.153.212.178,Իգական,19,160,63,38,L (40-41),M
1/21/2022 15:00,1/21/2022 15:01,87.241.184.86,Արական,24,180,84,43,L (40-41),XL
1/21/2022 14:58,1/21/2022 14:59,45.159.74.190,Իգական,17,160,40,36,S (36-37),S
1/21/2022 14:56,1/21/2022 14:57,83.139.27.74,Արական,19,185,68,42,L (40-41),XL
1/21/2022 14:46,1/21/2022 14:51,37.252.80.194,Արական,22,180,92,42,M (38-39),XL
1/21/2022 14:41,1/21/2022 14:51,5.77.254.89,Իգական,21,167.5,,39,M (38-39),M
1/21/2022 14:49,1/21/2022 14:49,37.252.83.176,Իգական,18,170,55,40,S (36-37),XS
1/21/2022 14:46,1/21/2022 14:46,89.249.192.104,Արական,21,185,85,43,M (38-39),M
1/21/2022 14:36,1/21/2022 14:37,37.252.93.62,Իգական,13,155,,37,,L
1/21/2022 14:36,1/21/2022 14:37,217.76.15.96,Իգական,43,163,61,36,S (36-37),M
1/21/2022 14:36,1/21/2022 14:37,45.9.46.216,Արական,17,170,65,42,M (38-39),M
1/21/2022 14:33,1/21/2022 14:36,45.153.212.150,Իգական,19,157,42,37,S (36-37),M
1/21/2022 14:34,1/21/2022 14:35,217.76.12.36,Արական,18,173,60,41,XL (42-43),L
1/21/2022 14:29,1/21/2022 14:30,46.71.245.36,Իգական,18,150,50,36,S (36-37),S
1/21/2022 14:29,1/21/2022 14:30,217.76.13.189,Արական,18,175,70,42,M (38-39),M
1/21/2022 14:23,1/21/2022 14:26,81.16.6.158,Արական,19,163,55,,L (40-41),M
1/21/2022 14:23,1/21/2022 14:25,83.139.26.17,Իգական,19,171,50,40,L (40-41),S
1/21/2022 14:18,1/21/2022 14:19,89.249.198.69,Իգական,18,160,49,37,XS (34-35),S
1/21/2022 14:09,1/21/2022 14:09,91.204.190.12,Իգական,18,154,41,36,S (36-37),S
1/21/2022 14:05,1/21/2022 14:07,195.191.187.171,Իգական,20,158,45,36,S (36-37),S
1/21/2022 13:53,1/21/2022 13:54,217.76.10.241,Արական,20,175,82,40,L (40-41),M
1/21/2022 13:53,1/21/2022 13:54,141.136.89.238,Իգական,18,165,40,38,S (36-37),M
1/21/2022 13:49,1/21/2022 13:49,185.177.104.60,Արական,18,180,72,41,M (38-39),S
1/21/2022 13:46,1/21/2022 13:46,91.103.249.254,Իգական,18,178,65,39,M (38-39),L
1/21/2022 13:42,1/21/2022 13:43,217.76.10.42,Իգական,19,177,43,37,S (36-37),XS
1/21/2022 13:40,1/21/2022 13:41,37.252.80.96,Իգական,20,172,62,38,S (36-37),M
1/21/2022 13:40,1/21/2022 13:41,78.109.71.116,Իգական,18,163,49,38,S (36-37),M
1/21/2022 13:39,1/21/2022 13:40,217.76.13.184,Արական,19,175,64,40,L (40-41),M
1/21/2022 13:38,1/21/2022 13:39,46.19.99.100,Իգական,18,167,80,39,XL (42-43),XXL
1/21/2022 13:32,1/21/2022 13:37,141.136.91.112,Իգական,20,168,57,38,L (40-41),S
1/21/2022 13:31,1/21/2022 13:32,46.70.226.27,Իգական,18,163,53,38,S (36-37),S
1/21/2022 13:24,1/21/2022 13:26,45.153.212.28,Արական,19,172,78,43,M (38-39),XL
1/21/2022 13:25,1/21/2022 13:26,87.241.184.152,Արական,21,174,59,42,S (36-37),S
1/21/2022 13:20,1/21/2022 13:20,206.62.195.100,Արական,17,173,60,42,L (40-41),S
1/21/2022 13:18,1/21/2022 13:18,185.167.217.43,Իգական,18,155,44,37,XS (34-35),XS
1/21/2022 13:17,1/21/2022 13:18,195.191.187.130,Իգական,18,163,47,37,M (38-39),S
1/21/2022 13:16,1/21/2022 13:17,178.160.192.210,Իգական,18,160,46,37,XS (34-35),XS
1/21/2022 13:15,1/21/2022 13:16,217.76.13.76,Արական,20,178,53,41,M (38-39),L
1/21/2022 13:15,1/21/2022 13:15,37.252.83.224,Արական,20,172,80,42,M (38-39),XL
1/21/2022 13:14,1/21/2022 13:14,194.61.88.138,Արական,16,183,53,40,M (38-39),M
1/21/2022 13:12,1/21/2022 13:13,87.241.185.29,Իգական,18,163,57,38,,S
1/21/2022 13:12,1/21/2022 13:13,62.89.7.91,Արական,18,173,56,41,L (40-41),M
1/21/2022 13:11,1/21/2022 13:12,185.215.55.233,Իգական,18,155,48,36,S (36-37),M
1/21/2022 13:10,1/21/2022 13:11,217.76.10.96,Իգական,19,158,45,37,L (40-41),M
1/21/2022 13:08,1/21/2022 13:09,62.89.19.209,Իգական,19,150,43,35,S (36-37),S
1/21/2022 12:50,1/21/2022 12:51,141.136.91.59,Արական,21,190,70,43,M (38-39),M
1/21/2022 12:36,1/21/2022 12:37,46.71.209.59,Իգական,21,165,63,40,S (36-37),S
1/21/2022 12:19,1/21/2022 12:20,37.252.93.24,Արական,21,176,81,42,XL (42-43),L
1/21/2022 12:13,1/21/2022 12:14,217.76.13.4,Իգական,21,152,53,36,M (38-39),S
1/21/2022 12:13,1/21/2022 12:13,37.186.124.20,Իգական,20,162,48,37,M (38-39),M
1/21/2022 12:10,1/21/2022 12:11,5.77.137.140,Արական,24,175,55,41,M (38-39),M
1/21/2022 12:10,1/21/2022 12:11,37.252.91.90,Իգական,20,164,54,39,S (36-37),S
1/21/2022 12:08,1/21/2022 12:09,213.87.224.240,Իգական,17,160,48,37,,XS
1/21/2022 12:03,1/21/2022 12:03,87.241.185.229,Իգական,20,165,41,38,S (36-37),M
1/21/2022 12:02,1/21/2022 12:03,141.136.90.48,Արական,22,183,70,43,M (38-39),M
1/21/2022 11:58,1/21/2022 11:59,178.72.131.130,Արական,20,178,83,42,L (40-41),XL
1/21/2022 11:46,1/21/2022 11:46,87.241.188.35,Իգական,21,163,46,36,S (36-37),S
1/21/2022 11:28,1/21/2022 11:28,141.136.79.248,Արական,22,,69,42,L (40-41),L
1/21/2022 11:28,1/21/2022 11:28,78.109.67.58,Իգական,17,160,40,37,S (36-37),S
1/21/2022 11:23,1/21/2022 11:25,46.36.115.5,Արական,17,180,63,42,M (38-39),S
1/21/2022 11:24,1/21/2022 11:25,37.252.80.149,Արական,15,185,80,43,XXL (44-45),XXL
1/21/2022 11:25,1/21/2022 11:25,46.71.19.254,Իգական,18,168,83,40,L (40-41),M
1/21/2022 11:24,1/21/2022 11:25,91.103.248.27,Արական,20,180,85,44,XL (42-43),L
1/21/2022 11:17,1/21/2022 11:17,45.159.74.70,Իգական,24,166,55,38,S (36-37),S
1/21/2022 11:13,1/21/2022 11:17,217.113.9.59,Իգական,15,168,43,37,XS (34-35),S
1/21/2022 11:15,1/21/2022 11:16,141.136.89.151,Իգական,19,168,57,39,S (36-37),S
1/21/2022 11:13,1/21/2022 11:14,46.36.117.82,Արական,21,174,72,41,L (40-41),L
1/21/2022 11:10,1/21/2022 11:11,91.204.188.115,Իգական,20,155,53,37,S (36-37),S
1/21/2022 11:05,1/21/2022 11:05,37.252.82.211,Իգական,18,161,52,,S (36-37),S
1/21/2022 10:42,1/21/2022 10:42,87.241.140.146,Իգական,21,170,52,40,M (38-39),M
1/21/2022 10:38,1/21/2022 10:39,46.70.108.36,Արական,18,171,57,41,S (36-37),S
1/21/2022 10:15,1/21/2022 10:16,46.70.104.124,Իգական,20,159,51,36,S (36-37),XS
1/21/2022 10:07,1/21/2022 10:08,212.73.95.132,Իգական,19,165,50,37,,
1/21/2022 9:44,1/21/2022 9:45,87.241.185.84,Իգական,17,163,45,35,XS (34-35),XS
1/21/2022 9:19,1/21/2022 9:20,206.62.208.64,Իգական,19,162,47,37,S (36-37),XS
1/21/2022 8:47,1/21/2022 8:51,37.252.95.66,Արական,24,173,63,40,XS (34-35),S
1/21/2022 8:11,1/21/2022 8:12,37.252.94.53,Իգական,18,163,50,38,M (38-39),M
1/21/2022 8:09,1/21/2022 8:10,91.103.249.252,Արական,20,166,65,40,S (36-37),S
1/21/2022 6:25,1/21/2022 6:26,46.71.94.167,Իգական,18,175,75,40,L (40-41),L
1/21/2022 1:40,1/21/2022 1:40,78.109.79.73,Իգական,23,165,51,35,S (36-37),S
1/21/2022 1:32,1/21/2022 1:33,37.252.90.82,Արական,23,168,72,39,,
1/21/2022 1:25,1/21/2022 1:26,91.103.249.252,Արական,20,170,70,40,S (36-37),S
1/21/2022 1:24,1/21/2022 1:25,217.113.22.166,Իգական,18,158,53,38,M (38-39),M
1/21/2022 1:23,1/21/2022 1:24,213.87.155.145,Արական,17,178,85,42,L (40-41),L
1/21/2022 1:24,1/21/2022 1:24,46.162.197.34,Արական,23,174,96,42,M (38-39),L
1/21/2022 1:20,1/21/2022 1:21,185.215.55.228,Իգական,21,155,47,36,XS (34-35),XS
1/21/2022 1:17,1/21/2022 1:19,89.249.196.82,Իգական,19,165,54,37,M (38-39),M
1/21/2022 1:14,1/21/2022 1:15,45.159.74.119,Իգական,19,170,58,40,M (38-39),M
1/21/2022 1:11,1/21/2022 1:12,94.25.229.227,Արական,21,168,67,39,M (38-39),M
1/21/2022 1:10,1/21/2022 1:12,91.103.249.247,Իգական,21,,,39,L (40-41),L
1/21/2022 1:10,1/21/2022 1:10,83.139.26.177,Արական,21,181,70,42,M (38-39),L
1/21/2022 1:09,1/21/2022 1:10,37.252.91.209,Իգական,18,162,,38,M (38-39),M
1/21/2022 1:08,1/21/2022 1:08,46.71.82.83,Արական,26,174,86,42,XL (42-43),M
1/21/2022 1:06,1/21/2022 1:07,45.9.46.203,Արական,18,182,60,39,XS (34-35),S
1/21/2022 1:06,1/21/2022 1:07,45.153.213.72,Իգական,20,165,61,37,L (40-41),L
1/21/2022 1:00,1/21/2022 1:02,45.159.74.53,Իգական,18,163,62,38,L (40-41),L
1/21/2022 0:58,1/21/2022 0:59,176.59.166.67,Իգական,16,160,55,38,S (36-37),S
1/21/2022 0:57,1/21/2022 0:57,93.185.46.7,Իգական,17,171,47,37,S (36-37),S
1/21/2022 0:55,1/21/2022 0:56,217.76.14.155,Իգական,18,166,45,37,M (38-39),M
1/21/2022 0:53,1/21/2022 0:55,31.47.192.229,Իգական,19,163,53,39,M (38-39),M
1/21/2022 0:53,1/21/2022 0:53,46.70.69.254,Իգական,21,155,48,35,XS (34-35),XS
1/21/2022 0:52,1/21/2022 0:53,217.113.22.2,Իգական,18,165,44,38,S (36-37),S
1/21/2022 0:50,1/21/2022 0:50,185.215.55.236,Իգական,19,166,50,37,S (36-37),S
1/21/2022 0:47,1/21/2022 0:50,78.109.67.195,Իգական,20,174,71,38,L (40-41),M
1/21/2022 0:48,1/21/2022 0:49,185.215.55.203,Արական,21,185,108,43,XXL (44-45),XXL
1/21/2022 0:48,1/21/2022 0:48,188.162.65.19,Արական,18,182,77,43,L (40-41),M
1/21/2022 0:47,1/21/2022 0:48,83.139.25.194,Արական,19,169,60,40,M (38-39),M
1/21/2022 0:45,1/21/2022 0:45,45.159.74.60,Իգական,18,,44,36,S (36-37),M
1/21/2022 0:42,1/21/2022 0:43,45.153.212.236,Իգական,19,151,43,37,S (36-37),S
1/21/2022 0:42,1/21/2022 0:43,37.252.81.106,Իգական,17,163,48,38,S (36-37),XS
1/21/2022 0:39,1/21/2022 0:41,217.76.14.122,Արական,16,172,57,41,M (38-39),M
1/21/2022 0:40,1/21/2022 0:41,87.241.163.219,Իգական,17,172,56,38,M (38-39),S
1/21/2022 0:40,1/21/2022 0:41,217.76.13.47,Իգական,20,150,47,36,S (36-37),XS
1/21/2022 0:39,1/21/2022 0:41,37.252.90.107,Իգական,18,165,49,36,XS (34-35),XS
1/21/2022 0:38,1/21/2022 0:39,141.136.90.229,Իգական,20,165,71,39,L (40-41),M
1/21/2022 0:38,1/21/2022 0:38,217.113.9.54,Իգական,18,163,65,38,M (38-39),L
1/21/2022 0:37,1/21/2022 0:37,37.252.88.8,Արական,17,180,88,46,M (38-39),L
1/21/2022 0:35,1/21/2022 0:37,37.252.93.167,Իգական,20,163,48,38,M (38-39),M
1/21/2022 0:36,1/21/2022 0:37,37.252.80.137,Իգական,19,167,51,36,S (36-37),S
1/21/2022 0:36,1/21/2022 0:36,45.153.212.63,Իգական,21,160,49,37,,
1/21/2022 0:35,1/21/2022 0:36,46.71.18.118,Իգական,18,152,40,36,S (36-37),S
1/21/2022 0:36,1/21/2022 0:36,31.47.192.228,Իգական,20,175,49,39,S (36-37),M
1/21/2022 0:33,1/21/2022 0:34,185.79.3.178,Իգական,20,165,50,37,M (38-39),L
1/21/2022 0:33,1/21/2022 0:33,206.62.200.33,Իգական,20,170,63,39,M (38-39),M
1/21/2022 0:33,1/21/2022 0:33,206.62.207.136,Իգական,20,165,52,37,XS (34-35),XS
1/21/2022 0:32,1/21/2022 0:33,87.241.185.48,Արական,20,174,98,42,3XL (46>),XL
1/21/2022 0:32,1/21/2022 0:32,45.153.212.107,Իգական,20,165,50,37,S (36-37),S
1/21/2022 0:31,1/21/2022 0:32,87.241.185.126,Իգական,20,173,61,41,M (38-39),M
1/21/2022 0:16,1/21/2022 0:17,185.215.55.246,Արական,20,170,50,40,XS (34-35),S
1/21/2022 0:09,1/21/2022 0:12,37.252.92.70,Իգական,17,160,49,38,M (38-39),S
1/21/2022 0:10,1/21/2022 0:11,217.76.12.129,Իգական,19,160,42,37,XS (34-35),XS
1/20/2022 23:26,1/20/2022 23:28,46.70.83.72,Արական,20,169,45.5,40,S (36-37),M
1/20/2022 23:20,1/20/2022 23:22,78.109.67.58,Արական,20,170,57.75,41,S (36-37),S
,,,Իգական,16,159,48,38,S (36-37),XS
,,,Իգական,39,162,45,37,S (36-37),S
